time,latitude,longitude,CRW_DHW,CRW_HOTSPOT,CRW_SST,CRW_SSTANOMALY
UTC,degrees_north,degrees_east,Celsius weeks,Celsius,Celsius,Celsius
2026-09-01T12:00:00Z,9.175,79.125,0.0,-0.6,29.76,1.4000000000000001
2026-09-02T12:00:00Z,9.175,79.125,0.0,-0.59,29.77,1.4000000000000001
2026-09-03T12:00:00Z,9.175,79.125,0.0,-0.71,29.650000000000002,1.27
2026-09-04T12:00:00Z,9.175,79.125,0.0,-1.07,29.29,0.91
2026-09-05T12:00:00Z,9.175,79.125,0.0,-0.66,29.7,1.31
2026-09-06T12:00:00Z,9.175,79.125,0.0,-0.5700000000000001,29.79,1.3900000000000001
2026-09-07T12:00:00Z,9.175,79.125,0.0,-0.42,29.94,1.53
2026-09-08T12:00:00Z,9.175,79.125,0.0,-0.6,29.76,1.34
2026-09-09T12:00:00Z,9.175,79.125,0.0,-0.5700000000000001,29.79,1.37
2026-09-10T12:00:00Z,9.175,79.125,0.0,-0.78,29.580000000000002,1.1500000000000001
2026-09-11T12:00:00Z,9.175,79.125,0.0,-0.91,29.45,1.01
2026-09-12T12:00:00Z,9.175,79.125,0.0,-1.08,29.28,0.8300000000000001
2026-09-13T12:00:00Z,9.175,79.125,0.0,-0.86,29.5,1.05
2026-09-14T12:00:00Z,9.175,79.125,0.0,-1.1400000000000001,29.22,0.76
2026-09-15T12:00:00Z,9.175,79.125,0.0,-0.92,29.44,0.97
2026-09-16T12:00:00Z,9.175,79.125,0.0,-0.64,29.72,1.25
2026-09-17T12:00:00Z,9.175,79.125,0.0,-0.4,29.96,1.48
2026-09-18T12:00:00Z,9.175,79.125,0.0,-0.47000000000000003,29.89,1.41
2026-09-19T12:00:00Z,9.175,79.125,0.0,-0.42,29.94,1.45
2026-09-20T12:00:00Z,9.175,79.125,0.0,-0.75,29.61,1.12
2026-09-21T12:00:00Z,9.175,79.125,0.0,-0.44,29.92,1.42
2026-09-22T12:00:00Z,9.175,79.125,0.0,-0.13,30.23,1.73
2026-09-23T12:00:00Z,9.175,79.125,0.0,-0.25,30.11,1.61
2026-09-24T12:00:00Z,9.175,79.125,0.0,-0.76,29.6,1.09
2026-09-25T12:00:00Z,9.175,79.125,0.0,-0.35000000000000003,30.01,1.5
2026-09-26T12:00:00Z,9.175,79.125,0.0,-0.3,30.060000000000002,1.54
