2026-09-01 12:00:00+00:00,9.175,79.125,0.0,-0.6,29.76,1.4,29.76,0.0,1.4,0.0
2026-09-02 12:00:00+00:00,9.175,79.125,0.0,-0.59,29.77,1.4,29.76,0.00999999999999801,1.4,0.0
2026-09-03 12:00:00+00:00,9.175,79.125,0.0,-0.71,29.65,1.27,29.77,-0.120000000000001,1.27,0.0
2026-09-04 12:00:00+00:00,9.175,79.125,0.0,-1.07,29.29,0.91,29.65,-0.35999999999999943,0.91,0.0
2026-09-05 12:00:00+00:00,9.175,79.125,0.0,-0.66,29.7,1.31,29.29,0.41000000000000014,1.31,0.0
2026-09-06 12:00:00+00:00,9.175,79.125,0.0,-0.5700000000000001,29.79,1.39,29.7,0.08999999999999986,1.39,0.0
2026-09-07 12:00:00+00:00,9.175,79.125,0.0,-0.42,29.94,1.53,29.79,0.15000000000000213,1.53,0.0
2026-09-08 12:00:00+00:00,9.175,79.125,0.0,-0.6,29.76,1.34,29.94,-0.17999999999999972,1.34,0.0
2026-09-09 12:00:00+00:00,9.175,79.125,0.0,-0.5700000000000001,29.79,1.37,29.76,0.029999999999997584,1.37,0.0
2026-09-10 12:00:00+00:00,9.175,79.125,0.0,-0.78,29.58,1.15,29.79,-0.21000000000000085,1.15,0.0
2026-09-11 12:00:00+00:00,9.175,79.125,0.0,-0.91,29.45,1.01,29.58,-0.129999999999999,1.01,0.0
2026-09-12 12:00:00+00:00,9.175,79.125,0.0,-1.08,29.28,0.8300000000000001,29.45,-0.16999999999999815,0.8300000000000001,0.0
2026-09-13 12:00:00+00:00,9.175,79.125,0.0,-0.86,29.5,1.05,29.28,0.21999999999999886,1.05,0.0
2026-09-14 12:00:00+00:00,9.175,79.125,0.0,-1.14,29.22,0.76,29.5,-0.28000000000000114,0.76,0.0
2026-09-15 12:00:00+00:00,9.175,79.125,0.0,-0.92,29.44,0.97,29.22,0.22000000000000242,0.97,0.0
2026-09-16 12:00:00+00:00,9.175,79.125,0.0,-0.64,29.72,1.25,29.44,0.2799999999999976,1.25,0.0
2026-09-17 12:00:00+00:00,9.175,79.125,0.0,-0.4,29.96,1.48,29.72,0.240000000000002,1.48,0.0
2026-09-18 12:00:00+00:00,9.175,79.125,0.0,-0.47,29.89,1.41,29.96,-0.07000000000000028,1.41,0.0
2026-09-19 12:00:00+00:00,9.175,79.125,0.0,-0.42,29.94,1.45,29.89,0.05000000000000071,1.45,0.0
2026-09-20 12:00:00+00:00,9.175,79.125,0.0,-0.75,29.61,1.12,29.94,-0.33000000000000185,1.12,0.0
2026-09-21 12:00:00+00:00,9.175,79.125,0.0,-0.44,29.92,1.42,29.61,0.3100000000000023,1.42,0.0
2026-09-22 12:00:00+00:00,9.175,79.125,0.0,-0.13,30.23,1.73,29.92,0.3099999999999987,1.73,0.0
2026-09-23 12:00:00+00:00,9.175,79.125,0.0,-0.25,30.11,1.61,30.23,-0.120000000000001,1.61,0.0
2026-09-24 12:00:00+00:00,9.175,79.125,0.0,-0.76,29.6,1.09,30.11,-0.509999999999998,1.09,0.0
2026-09-25 12:00:00+00:00,9.175,79.125,0.0,-0.35,30.01,1.5,29.6,0.41000000000000014,1.5,0.0
2026-09-26 12:00:00+00:00,9.175,79.125,0.0,-0.3,30.06,1.54,30.01,0.04999999